{
  "status": "success",
  "reconstructed_narrative": "No data available to reconstruct narrative.",
  "bertscore": {
    "precision": 0.6494928598403931,
    "recall": 0.5795900821685791,
    "f1": 0.6125536561012268
  },
  "bleu": 2.0014463268425907e-129,
  "rouge1": 0.0033860045146726866,
  "rougeL": 0.002257336343115124,
  "topology": {
    "is_acyclic": true,
    "timestamps_in_order": true,
    "weakly_connected_components": 0,
    "avg_in_degree": 0.0,
    "node_count": 0,
    "edge_count": 0,
    "density": 0.0
  },
  "trajectory_embedding": null
}