{
  "status": "success",
  "reconstructed_narrative": "No data available to reconstruct narrative.",
  "bertscore": {
    "precision": 0.6271837949752808,
    "recall": 0.5550774335861206,
    "f1": 0.588931679725647
  },
  "bleu": 2.742004788333779e-45,
  "rouge1": 0.006568144499178983,
  "rougeL": 0.006568144499178983,
  "topology": {
    "is_acyclic": true,
    "timestamps_in_order": true,
    "weakly_connected_components": 0,
    "avg_in_degree": 0.0,
    "node_count": 0,
    "edge_count": 0,
    "density": 0.0
  },
  "trajectory_embedding": null
}